time_stamp,supply_temp,outdoor_temp,power_kw
2022-09-29T09:25:00+00:00,40.57276884267028,6.938497711235369,6.28868550090163
2022-09-30T11:45:00+00:00,31.901655228722174,8.784437217459773,0.21549668513386455
2022-09-30T05:35:00+00:00,35.24241414563409,6.890000104904175,10.68272406479408
2022-09-29T21:55:00+00:00,32.18325585653616,6.491162799125494,0.21683720641357954
2022-09-29T22:45:00+00:00,36.50033660529037,6.57609420352512,31.360841648345843
2022-09-29T11:45:00+00:00,40.027089887638155,6.839799483882942,19.23695649749858
2022-09-29T23:40:00+00:00,36.62633331298828,6.553999948501587,0.22056666577855746
2022-09-30T06:10:00+00:00,40.90033559894881,7.089966469385153,11.0406354857129
2022-09-29T14:45:00+00:00,34.02979452316075,7.073287601340307,21.385479665782352
2022-09-29T18:05:00+00:00,35.49620833555104,6.5,29.258388654880616
2022-09-29T10:30:00+00:00,31.589700876280318,6.8498340302527545,0.21229235347719289
2022-09-30T02:20:00+00:00,33.36501609374194,6.6174916371260535,0.2199999988079071
2022-09-30T00:40:00+00:00,29.64214849866126,6.6338841698386455,18.138181767187827
2022-09-30T11:05:00+00:00,37.07650889966312,8.488254988753555,15.7730873863169
2022-09-30T03:00:00+00:00,31.044131220786223,6.698121892454479,5.582159617697129
2022-09-30T13:05:00+00:00,39.10633195241292,8.417999687194824,26.08320000330607
2022-09-30T08:00:00+00:00,37.425913737857854,7.861794151737048,11.134385403604602
2022-09-29T09:15:00+00:00,39.650943252275574,7.0,11.378066035936463
2022-09-29T15:15:00+00:00,30.47046951319547,7.055369074712663,0.21661073524479899
2022-09-30T16:25:00+00:00,32.61186386367022,8.216271057775465,4.8157625897961145
2022-09-30T01:20:00+00:00,43.167449221515014,6.763422869995937,16.18439587330658
2022-09-30T16:00:00+00:00,33.985000885857474,8.233333269755045,7.832166529364056
2022-09-29T14:40:00+00:00,34.83204237172301,7.05739431146165,10.55690130570405
2022-09-29T11:40:00+00:00,40.13699932098389,6.830333495140076,6.281266674995423
2022-09-29T20:25:00+00:00,35.54680113358931,6.593939304351807,10.775016887420756
2022-09-30T20:10:00+00:00,41.90405513144828,6.960473010668883,14.027500048682496
2022-09-29T15:00:00+00:00,32.0727696754563,7.073239366773149,0.5544600909304731
2022-09-29T22:20:00+00:00,31.301030916037018,6.5,5.646494806427317
2022-09-30T01:50:00+00:00,40.36428516932896,6.6947617371877035,0.2199999988079071
2022-09-29T19:40:00+00:00,31.945081757717446,6.541803238821811,0.2199999988079071
2022-09-30T01:05:00+00:00,38.03016545949889,6.697107340678696,19.616900869637483
2022-09-30T20:20:00+00:00,41.900001525878906,6.900000095367432,0.2199999988079071
2022-09-30T15:10:00+00:00,36.84062473773956,8.442499780654908,10.913749998807907
2022-09-30T10:05:00+00:00,33.12803673075739,8.300000190734863,5.698971850849758
2022-09-29T21:00:00+00:00,40.82055730520641,6.553310053689139,14.374599200923269
2022-09-29T22:15:00+00:00,30.178929753128102,6.5,3.9523076712088443
2022-09-30T09:25:00+00:00,31.232646044177287,8.281787062838315,0.2199999988079071
2022-09-29T09:00:00+00:00,35.69539484224821,6.934210589057521,10.759868427326804
2022-09-30T02:25:00+00:00,32.73592227330872,6.624595350432164,3.3131715317760086
2022-09-30T05:30:00+00:00,33.50580175093823,6.87952229919694,10.69959051373062
2022-09-30T10:40:00+00:00,35.64252352491717,8.338317728488244,6.21280369357528
2022-09-29T18:15:00+00:00,38.07203802678257,6.454976346255479,23.479526366102753
2022-09-29T20:55:00+00:00,40.7870364718967,6.599999904632568,6.352592686812083
2022-09-29T17:55:00+00:00,32.072123780714726,6.59115035555004,10.328451203033987
2022-09-29T13:30:00+00:00,34.991261713713115,7.300000190734863,10.522767002142748
2022-09-29T13:50:00+00:00,42.31016924583306,7.341695066225731,11.103728759894937
2022-09-29T21:35:00+00:00,34.59328591444467,6.5,0.2199999988079071
2022-09-29T15:55:00+00:00,37.73055542839898,6.9912037120925055,19.463611152436997
2022-09-30T19:50:00+00:00,38.75589232011275,6.960269398159451,19.829292971678456
2022-09-29T22:05:00+00:00,31.177206305896533,6.486764718504513,3.035955774214338
2022-09-30T16:30:00+00:00,32.325503310901205,8.199999809265137,0.29322147109364505
2022-09-29T13:15:00+00:00,30.285235456172252,7.239932847503048,27.918288640527916
2022-09-30T01:45:00+00:00,42.55570384800034,6.739597275753149,15.704161111240419
2022-09-29T11:10:00+00:00,33.31174539399627,6.920134304353855,6.130100557468081
2022-09-30T18:30:00+00:00,33.75622886118263,7.322895791795519,20.659056949294374
2022-09-30T12:30:00+00:00,31.636082364111832,8.551546588386458,10.057972452484865
2022-09-30T20:30:00+00:00,41.27969550118228,6.8629442931431806,5.703603884517239
2022-09-30T04:15:00+00:00,36.87382567488907,6.751677858749492,2.586040333763465
2022-09-30T16:10:00+00:00,33.564948249109015,8.206185399871512,17.51835063176671
2022-09-30T12:50:00+00:00,37.608754090588505,8.581818493929775,11.090875439370922
2022-09-29T18:55:00+00:00,42.092809427797405,6.498366014630187,12.140588236790077
2022-09-30T09:35:00+00:00,30.132536016582872,8.295215483487508,21.459186663467918
2022-09-29T13:10:00+00:00,29.523825562240294,7.199999809265137,5.8822147742213815
2022-09-29T19:20:00+00:00,34.86902355104183,6.542424201965332,1.6289898976934478
2022-09-30T10:10:00+00:00,33.428125182787575,8.300000190734863,5.734531246125698
2022-09-29T12:30:00+00:00,33.57205414691758,7.199999809265137,18.117912337434813
2022-09-29T17:45:00+00:00,29.665071514804968,6.603349183735094,6.154210552074122
2022-09-30T17:25:00+00:00,34.54999985150843,7.635234770358809,10.562147726148567
2022-09-29T12:05:00+00:00,40.08691296161421,7.083221397143882,5.598255032060931
2022-09-30T14:50:00+00:00,30.441340803434063,8.688826688841068,7.972178757523691
2022-09-30T07:55:00+00:00,35.969798913738074,7.80604045343079,10.804261796426452
2022-09-30T17:55:00+00:00,39.25218851879389,7.45723909801907,5.01838378101487
2022-09-30T19:25:00+00:00,30.268013225260006,7.0683501031663685,27.499865258984293
2022-09-29T17:35:00+00:00,30.097000207901,6.6374998688697815,0.21364999540150165
2022-09-30T08:50:00+00:00,34.56066706339518,8.129666878382364,20.28920010169347
2022-09-29T13:55:00+00:00,42.44155466234362,7.297635316848755,12.274864779936301
2022-09-30T15:30:00+00:00,39.28766609191894,8.300000190734863,13.333166656494141
2022-09-30T03:05:00+00:00,31.862962899384677,6.7583333651224775,6.462175923365134
2022-09-30T09:50:00+00:00,31.424913742963007,8.333910031302166,5.696574389315806
2022-09-30T11:15:00+00:00,37.11605258290983,8.646488409775953,0.23561872452198462
2022-09-30T09:30:00+00:00,30.724745695469743,8.27288144321765,3.879762646606413
2022-09-30T01:25:00+00:00,42.836242086935364,6.7775168834916695,16.144865703262738
2022-09-30T04:50:00+00:00,32.132781136114865,6.809933956095715,0.215993374142031
2022-09-29T18:50:00+00:00,42.180872808366814,6.4714765372692336,10.196073775323445
2022-09-29T12:15:00+00:00,34.79692813235338,7.099999904632568,0.21600682260436815
2022-09-30T19:20:00+00:00,29.383495330810547,7.073786337398788,17.280776250709607
2022-09-29T15:25:00+00:00,29.65018457504216,6.942066475913974,11.148228664899664
2022-09-30T07:10:00+00:00,31.48552166974103,7.3818182945251465,0.2202693592217635
2022-09-29T21:25:00+00:00,34.98989893852259,6.514478100670709,18.320639854830123
2022-09-30T14:55:00+00:00,31.89444453186459,8.633680744303597,25.371527863873375
2022-09-29T16:15:00+00:00,41.88344665475794,6.633783656197625,10.873682304008588
2022-09-30T03:45:00+00:00,40.96312348628757,6.800000190734863,6.314518326540722
2022-09-30T06:35:00+00:00,34.93562122419769,7.169607681386611,21.10640527064504
2022-09-30T09:40:00+00:00,29.79656461904977,8.325190886286379,9.859236585729905
2022-09-29T10:35:00+00:00,30.95331114333197,6.849337892027091,0.594437079960542
2022-09-30T08:25:00+00:00,40.211059869159754,8.056221395044282,3.4461751632426743
2022-09-29T13:25:00+00:00,33.619798071432434,7.269798733244007,10.31758398977702
2022-09-30T00:50:00+00:00,31.849821871285762,6.645195591067928,10.159359409291548
2022-09-30T12:20:00+00:00,29.49768204089032,8.418211608533039,5.450695468889957
2022-09-29T22:50:00+00:00,37.869463440555855,6.574496573249766,13.018557007680803
2022-09-30T08:10:00+00:00,39.49280589261501,7.939928114843026,31.709460347676448
2022-09-29T21:40:00+00:00,34.22546303713763,6.491666674613953,0.2199999988079071
2022-09-29T12:40:00+00:00,32.24119586881213,7.219268985760964,0.2169767413721528
2022-09-29T22:00:00+00:00,31.600373282361385,6.476865693704406,0.22007462571361172
2022-09-29T21:10:00+00:00,40.86187356291806,6.563879537741875,0.2199999988079071
2022-09-30T03:20:00+00:00,36.02300036112467,6.770333410898845,10.820233240127564
2022-09-30T03:25:00+00:00,37.516887601637684,6.790066378006083,11.055861122560817
2022-09-30T15:05:00+00:00,35.000409595301896,8.563524832491014,10.611926199959926
2022-09-30T13:25:00+00:00,39.52341137123746,8.589966898379119,8.790234206263039
2022-09-30T06:00:00+00:00,41.014965706131086,7.049999952316284,7.991768744527077
2022-09-29T19:50:00+00:00,31.948341460024576,6.564928848031573,7.568767772184164
2022-09-30T14:20:00+00:00,30.05337829203219,8.53277039527893,0.2181081059011253
2022-09-30T11:50:00+00:00,31.424749157500507,8.751505022463592,3.9238127466527914
error,33.79866225583896,6.558862820118168,29.774381337755898
2022-09-30T09:15:00+00:00,32.4799318508226,8.21360530334265,0.21806122225766278
2022-09-29T17:50:00+00:00,30.671631163739143,6.5875885689512215,7.211205695537811
2022-09-30T12:25:00+00:00,30.76164371673375,8.441095665709613,5.623424680265662
2022-09-30T17:30:00+00:00,36.178787424106794,7.611447705162896,11.198518608555649
2022-09-30T18:00:00+00:00,39.524652255906,7.402777870496114,3.939687430858612
2022-09-29T18:00:00+00:00,34.13689850995885,6.5197860773871925,12.654973244284564
2022-09-29T13:00:00+00:00,30.127516765722493,7.199999809265137,0.2199999988079071
2022-09-30T21:00:00+00:00,33.12962934705946,6.780423396478885,-21.851851653169703
2022-09-29T09:45:00+00:00,40.45818245627663,6.874545574188232,0.21745454289696434
2022-09-30T06:40:00+00:00,34.66020393371582,7.199319537805051,1346.6938711550772
2022-09-30T09:10:00+00:00,33.18421028903797,8.215310872456675,3.6805261949603065
2022-09-29T10:40:00+00:00,31.789576098662636,6.827361728158758,13.586188667760222
2022-09-29T14:05:00+00:00,42.0,7.254698004498578,12.597382486666609
2022-09-30T20:40:00+00:00,35.33486838089792,6.818092278744045,0.2199999988079071
2022-09-30T05:15:00+00:00,29.965217271377412,6.8909700036447585,5.110836173778393
2022-09-29T23:30:00+00:00,41.400001525878906,6.534653432298414,12.09673264593181
2022-09-29T19:55:00+00:00,30.644811297362704,6.533962231762004,14.116320665152568
2022-09-30T00:05:00+00:00,33.27019874623279,6.590066139271717,0.22092715162315116
2022-09-30T15:25:00+00:00,39.3762542699093,8.311705809373121,25.76966538317626
2022-09-30T08:30:00+00:00,40.28133347829183,8.15200008392334,0.2871333307027817
2022-09-30T12:05:00+00:00,30.102777931425308,8.670370349177608,0.21662036736530285
2022-09-30T03:35:00+00:00,39.86699996948242,6.808333516120911,29.28686650911967
2022-09-30T13:35:00+00:00,34.08322176837281,8.56543649123019,0.21899328685846906
2022-09-29T22:10:00+00:00,30.607308745780262,6.493687713661067,20.506046530812284
2022-09-29T23:20:00+00:00,41.400001525878906,6.575590479092335,0.2214960626025838
2022-09-29T10:10:00+00:00,34.165562838118596,6.800000190734863,0.263178807418078
2022-09-29T13:45:00+00:00,41.09761926560175,7.339047772543771,16.49919052578154
2022-09-30T02:40:00+00:00,31.17583875848143,6.599999904632568,0.2199999988079071
2022-09-30T13:55:00+00:00,32.40135091059917,8.429729461669922,8.872601351373502
2022-09-30T09:45:00+00:00,30.55915487764027,8.336150218623345,5.578967121285452
2022-09-30T10:50:00+00:00,36.30408187139602,8.393877204583616,5.968231225500301
2022-09-29T16:50:00+00:00,35.22890397638974,6.627906854762587,0.21282391611523802
2022-09-30T02:35:00+00:00,31.90098992904814,6.599999904632568,0.21821781963405043
2022-09-29T11:35:00+00:00,39.81144773438322,6.900000095367432,10.341481359719428
2022-09-30T11:00:00+00:00,36.86085591818157,8.455262987237228,5.999276270991878
2022-09-29T14:10:00+00:00,42.04252271563093,7.25747666403512,0.2184579432289177
2022-09-30T07:20:00+00:00,30.495935486584173,7.44471549987793,10.000162377105497
2022-09-30T02:00:00+00:00,35.744285801478796,6.617618935448783,0.22171428544180735
2022-09-29T17:00:00+00:00,34.7502516933422,6.649246088823482,16.641055361260122
2022-09-30T11:10:00+00:00,37.051359760517975,8.571768981258886,20.622721101151033
2022-09-30T11:35:00+00:00,33.058360890873146,8.723934326797234,0.25563933912847864
2022-09-30T05:25:00+00:00,31.84338983438783,6.8494916689597956,15.16667787422568
2022-09-30T04:25:00+00:00,34.60875288324324,6.75892259295942,13.323131313227643
2022-09-30T13:15:00+00:00,39.094018498924484,8.58737574859315,0.21421926480987144
2022-09-30T02:50:00+00:00,31.465986414020563,6.645578092458297,15.213605270904749
2022-09-30T17:35:00+00:00,37.27725152833767,7.576303244767031,30.431279675090483
2022-09-29T14:35:00+00:00,35.33767171102027,7.105136886034926,0.21479451656341553
2022-09-30T18:10:00+00:00,39.394950185961996,7.348484992980957,0.21946127798019435
2022-09-30T10:30:00+00:00,34.78504960323093,8.294020101477537,12.978571419700039
2022-09-29T20:15:00+00:00,32.50740753841721,6.512121200561523,18.301784476848564
2022-09-29T23:00:00+00:00,40.2823332341512,6.551666617393494,11.458999938964844
2022-09-29T15:40:00+00:00,31.26267107218912,6.982191797805159,10.076472573084374
2022-09-30T09:05:00+00:00,33.63934403716541,8.211803132979597,0.21649180020465225
2022-09-30T18:35:00+00:00,33.47391308430445,7.340802827407684,21.383611966136307
2022-09-29T09:20:00+00:00,40.67257548813836,6.947826136713442,7.957458207439818
2022-09-29T16:35:00+00:00,41.66402634220942,6.623102192831512,14.025478628208928
2022-09-30T07:50:00+00:00,34.21654673789045,7.774100811361409,10.56431658147908
2022-09-30T10:20:00+00:00,34.12159410901244,8.288040012220211,25.556145975360046
2022-09-30T05:40:00+00:00,36.827666460673015,6.900000095367432,10.963633476893108
2022-09-29T11:25:00+00:00,37.40616448284828,6.956506890793369,31.401814695906964
2022-09-30T12:45:00+00:00,36.1748322096447,8.600000381469727,19.22543616902908
2022-09-30T14:35:00+00:00,28.868456379679227,8.57382578497765,21.100570365086497
2022-09-30T16:40:00+00:00,30.47799991607666,8.030000114440918,0.21536666298906007
2022-09-30T04:20:00+00:00,34.75723908806489,6.759932697822751,21.128586014513214
2022-09-30T12:40:00+00:00,34.829194792165055,8.579194932976025,30.642315736553012
2022-09-30T07:25:00+00:00,29.971999893188478,7.45680004119873,21.575400093078613
2022-09-29T11:05:00+00:00,32.85858582005356,6.913131395975749,19.770303173900054
2022-09-30T18:05:00+00:00,39.633999277750654,7.347000145912171,6.370566753993431
2022-09-30T04:40:00+00:00,33.38561873930354,6.789966707644255,2.6318060062003377
2022-09-30T15:15:00+00:00,37.957705125652375,8.423934136062371,18.46291820651195
2022-09-29T09:35:00+00:00,40.400001525878906,6.918681396232857,21.244286097013035
2022-09-29T20:10:00+00:00,32.387328004183836,6.511301359085188,7.415787579262093
2022-09-30T16:35:00+00:00,31.143288701972704,8.116778719345195,0.21486576786577302
2022-09-29T11:20:00+00:00,36.09834961843963,6.950165064027994,11.98102316211159
2022-09-30T19:00:00+00:00,32.224858612664,7.210169339584092,5.2850846856159
2022-09-30T19:55:00+00:00,41.196308148787324,6.948322196934847,15.329530082293005
2022-09-30T10:45:00+00:00,36.12943081552767,8.387959553645207,9.857424568571773
2022-09-30T15:35:00+00:00,39.29999923706055,8.27086100673044,2.1319867452446197
2022-09-30T13:30:00+00:00,37.1972970189275,8.600000381469727,0.21516891513523217
2022-09-30T04:10:00+00:00,40.747019635131025,6.778808056913464,0.2230132454574503
2022-09-29T11:55:00+00:00,39.96254237758675,6.9434783147728965,0.21829431227417695
2022-09-29T21:30:00+00:00,34.776666259765626,6.505238090242658,0.2199999988079071
2022-09-30T10:25:00+00:00,34.41381587480244,8.276315889860454,26.211151618706552
2022-09-30T08:55:00+00:00,34.32072339559856,8.166447369675888,14.131743358693234
2022-09-30T04:35:00+00:00,33.90716695948265,6.78805475267534,0.2147440232921379
2022-09-29T19:25:00+00:00,34.212903176584554,6.52724011739095,0.9910035804181117
2022-09-30T01:00:00+00:00,35.34329228284882,6.670121788978577,19.794634336378515
2022-09-30T00:10:00+00:00,32.58114471178665,6.570370303259955,0.2239730649122887
2022-09-30T00:45:00+00:00,30.584792712866435,6.676036698477609,5.601659005688083
2022-09-29T17:30:00+00:00,30.918987620228958,6.661603221410437,0.21177214843059894
2022-09-30T02:15:00+00:00,34.46262646042538,6.616161505381267,0.220639729790816
2022-09-30T09:20:00+00:00,31.817391047908313,8.22642131473707,0.21939799179600233
2022-09-30T07:35:00+00:00,30.900335471902117,7.557046925461532,5.581409390340715
2022-09-29T23:50:00+00:00,35.024501209259036,6.564499938488007,0.8233999938517809
2022-09-30T06:45:00+00:00,34.64787272189526,7.259929115890611,0.2148226910660453
2022-09-30T15:00:00+00:00,33.61074741755691,8.600000381469727,25.449252155339607
2022-09-30T12:55:00+00:00,38.89901271619295,8.481907825720938,10.812664559012966
2022-09-30T13:50:00+00:00,33.13768779812147,8.431155516274611,21.19010032960518
2022-09-30T03:10:00+00:00,32.718846269754266,6.74769229888916,14.94530762892503
2022-09-30T19:15:00+00:00,29.49635035104125,7.048175136538317,0.3109124083697361
2022-09-29T23:05:00+00:00,41.377887939855995,6.581518074073414,10.138085881475568
2022-09-29T19:35:00+00:00,32.59143845022541,6.530821888414148,12.673116623436751
2022-09-30T17:10:00+00:00,31.637710513490617,7.599999904632568,11.986935984807383
2022-09-30T17:50:00+00:00,39.20000076293945,7.460377396277662,6.192830097000554
2022-09-30T16:15:00+00:00,33.14493203807522,8.211824178695679,0.21567567216383443
2022-09-30T14:10:00+00:00,31.983999970753988,8.579666970570882,9.015200020372868
2022-09-29T23:35:00+00:00,41.0674572443558,6.546101650949252,8.88515252258818
2022-09-30T14:30:00+00:00,29.2769998105367,8.572000274658203,4.3008332926034925
2022-09-30T01:10:00+00:00,40.186178858687235,6.763008179703379,20.18687003996314
2022-09-30T14:00:00+00:00,31.88711842682402,8.504745780815512,0.21274575762829537
2022-09-30T18:20:00+00:00,35.4016726567195,7.335451661942396,0.4590969884076645
2022-09-30T13:20:00+00:00,39.14306083934729,8.592823320598693,0.7267464115574029
2022-09-30T17:45:00+00:00,39.17583868807594,7.457718161128511,19.158657602015758
2022-09-30T06:25:00+00:00,40.86883642902113,7.13116425847354,0.21910958737134933
2022-09-29T18:40:00+00:00,42.16746413308468,6.5,1.3160286994214263
2022-09-29T21:05:00+00:00,40.85498331338679,6.5481099197545,0.26261168216511965
2022-09-30T14:25:00+00:00,29.545273804545996,8.560199234616103,0.21497512049046322
2022-09-29T09:10:00+00:00,38.65138330572679,6.985375508018162,22.30553381245127
2022-09-29T13:05:00+00:00,29.674915436566888,7.199999809265137,0.5079322047152761
2022-09-30T10:15:00+00:00,33.8808728544504,8.282214887990248,13.024463098321185
2022-09-30T05:05:00+00:00,30.30429024271446,6.850165159395425,15.238448820885258
2022-09-29T18:20:00+00:00,40.328093870029,6.449498375921345,20.33197322577537
2022-09-30T00:00:00+00:00,34.39032260174026,6.5907833235604425,0.22101382423655777
2022-09-29T18:35:00+00:00,42.36472593594904,6.457534287073841,11.219109399677956
2022-09-29T23:45:00+00:00,35.038461461912426,6.568561807524001,0.22160535083965313
2022-09-30T00:25:00+00:00,31.09063538898991,6.648494841661741,0.2199999988079071
2022-09-30T04:55:00+00:00,31.383892865789015,6.810067295228075,0.21899328685846906
2022-09-29T17:05:00+00:00,33.88265271089515,6.6619046075003485,0.20999999344348907
2022-09-29T18:45:00+00:00,42.186096701392515,6.483957234550925,0.4355080177120984
2022-09-30T02:30:00+00:00,32.220618408570175,6.606529108027822,17.173711223290958
2022-09-29T19:00:00+00:00,39.993939332287724,6.515656550725301,7.42232326621359
2022-09-29T11:00:00+00:00,32.69597370992571,6.900000095367432,15.044228195344042
2022-09-30T01:55:00+00:00,35.98557071557781,6.646979725600889,0.21932885750828174
2022-09-30T09:00:00+00:00,34.267762899398804,8.18782882627688,0.21624999772757292
2022-09-29T12:00:00+00:00,39.90707212505919,6.959932698143853,0.21797979570398426
2022-09-30T13:10:00+00:00,39.099998474121094,8.436169969274642,23.09425545193202
2022-09-30T12:35:00+00:00,33.3744966519759,8.568792208729175,18.094798632116127
2022-09-30T15:55:00+00:00,37.776087122378144,8.253043489870818,0.21686956234600233
2022-09-29T15:10:00+00:00,31.511447431262496,7.044444402058919,0.217070704307219
2022-09-30T11:20:00+00:00,37.0888147354126,8.681578862039666,0.21388157447309872
2022-09-29T16:25:00+00:00,41.70000076293945,6.599999904632568,0.21273332824309668
2022-09-29T09:30:00+00:00,40.44379170735677,6.912418384178012,16.94712419447556
2022-09-29T11:50:00+00:00,39.90707212505919,6.889899094899495,14.224679769440131
2022-09-29T13:40:00+00:00,38.610774377379755,7.334006892310248,19.990639612730906
2022-09-29T19:05:00+00:00,35.733556529819566,6.518456358237555,0.22298657759124
2022-09-29T14:50:00+00:00,33.24366625467936,7.053999948501587,5.326800025850535
2022-09-29T20:45:00+00:00,40.345852014799824,6.591702969313709,11.512270794164666
2022-09-29T17:15:00+00:00,32.40531543719016,6.636212494682236,0.6292690913443549
2022-09-30T02:10:00+00:00,35.26936019229568,6.644781006707086,3.3777777654956087
2022-09-29T23:55:00+00:00,35.58892781346727,6.582352862638586,13.622871886487651
2022-09-30T13:45:00+00:00,33.56923070799148,8.456187123837678,11.902675381970646
2022-09-29T20:35:00+00:00,38.41381543561032,6.575657822583851,19.055592285959346
2022-09-29T16:45:00+00:00,35.41184189445094,6.628289351337834,7.698453872121479
2022-09-30T17:15:00+00:00,32.19326580574216,7.587542004055447,5.716195302378851
2022-09-30T19:30:00+00:00,31.888254850502783,7.053020083664248,10.630268477753505
2022-09-29T19:10:00+00:00,35.4520415481256,6.524489772563078,6.008639467208564
2022-09-30T03:55:00+00:00,40.88866793314616,6.740666631062825,7.307733275393645
2022-09-30T00:20:00+00:00,31.74315054122716,6.611986194571403,2.9588355807817144
2022-09-30T15:20:00+00:00,38.88677926790916,8.37593195963714,30.63677954592947
2022-09-29T15:20:00+00:00,30.119911961850867,7.006637161811896,0.21880530790153857
2022-09-30T12:10:00+00:00,29.55363342258757,8.55570955507483,0.44051902583932384
2022-09-29T20:50:00+00:00,40.85797817149061,6.599999904632568,6.30074473391188
2022-09-30T03:30:00+00:00,38.87619041909977,6.7897960701767275,11.51034014889983
2022-09-29T23:15:00+00:00,41.43255916861601,6.569767375325048,4.397043214881935
2022-09-30T17:40:00+00:00,38.48571416151484,7.51229234708108,31.063056787383122
2022-09-30T11:40:00+00:00,32.45469810178616,8.784563890239536,0.21604026514011743
2022-09-30T15:40:00+00:00,39.29999923706055,8.293624327486793,20.550637662810768
2022-09-30T00:30:00+00:00,30.48878504851154,6.627569971797622,0.2199999988079071
2022-09-30T18:15:00+00:00,39.13959718230587,7.331208214663819,0.22902684748772806
2022-09-30T03:15:00+00:00,34.55982839144193,6.7487179438273115,21.159487386035103
2022-09-30T02:05:00+00:00,35.64448135273911,6.621070118652139,12.182876351286337
2022-09-30T18:25:00+00:00,33.906228708973394,7.328027845666483,15.21013827307414
2022-09-29T10:20:00+00:00,32.508417636858496,6.819865491655138,12.612188464864737
2022-09-30T20:25:00+00:00,41.8336244608117,6.874235927798342,0.8767248725266436
2022-09-30T04:00:00+00:00,40.88979721069336,6.7897960701767275,0.221020407518562
2022-09-30T19:05:00+00:00,30.614625917810972,7.148299178298639,0.21816326312872827
2022-09-30T16:05:00+00:00,33.74338993137166,8.241694883572853,20.89827143782276
2022-09-29T21:45:00+00:00,34.3272727099332,6.508181810379028,8.197272565419023
2022-09-30T06:15:00+00:00,40.92871395904239,7.099999904632568,0.21702970018481263
2022-09-30T20:50:00+00:00,34.89765091710443,6.802349164181908,17.40989952199411
2022-09-30T08:35:00+00:00,40.15510177612305,8.163945593801486,-22.030612142110357
2022-09-30T01:35:00+00:00,42.626711414284905,6.800000190734863,0.2186986282467842
2022-09-30T07:05:00+00:00,32.34664429914231,7.363422949042096,0.21630872165996756
2022-09-30T18:45:00+00:00,32.25190518697103,7.300000190734863,0.21561904407682872
2022-09-29T09:40:00+00:00,40.41533462524414,6.905333423614502,7.955699942459662
2022-09-29T10:00:00+00:00,34.74511730309689,6.731986463270605,0.21299662804764127
2022-09-29T09:55:00+00:00,36.53703692144015,6.797306577765982,6.143535409762402
2022-09-30T16:55:00+00:00,29.28219175338745,7.897260371952841,16.0029108728448
2022-09-29T18:10:00+00:00,36.648321842987265,6.487583904458372,31.237818967575993
2022-09-30T19:10:00+00:00,29.716432266951728,7.099999904632568,0.21976525689794424
2022-09-29T17:40:00+00:00,30.263698492964654,6.639725894144137,9.446438343710687
2022-09-30T07:00:00+00:00,33.590437870101624,7.3422312261573826,12.693386591644401
2022-09-29T22:55:00+00:00,39.03875601006467,6.584210446006374,11.264545545623633
2022-09-29T15:50:00+00:00,35.10370346994111,7.077104303571913,21.472390624409172
2022-09-30T00:55:00+00:00,33.684982859640805,6.641296793576394,10.5303754350838
2022-09-30T10:00:00+00:00,32.692307590242216,8.31571916433481,5.681973240447284
2022-09-30T14:15:00+00:00,31.06125824025135,8.560265130554603,2.670894053647455
2022-09-30T20:35:00+00:00,35.80708954939202,6.834328516205745,0.2199999988079071
2022-09-30T05:10:00+00:00,29.882885830514383,6.84026860870771,13.985234562982649
2022-09-30T16:50:00+00:00,29.649999881612843,7.917931112749823,20.65979310068591
2022-09-30T05:55:00+00:00,40.1580000559489,6.948666715621949,22.030199756622313
2022-09-29T12:20:00+00:00,34.28422792165871,7.123154244966955,0.22201342270678323
2022-09-29T22:40:00+00:00,35.3047138689343,6.571717103322347,30.753602686153116
2022-09-30T16:45:00+00:00,30.16347033356967,7.973972627561387,0.4845205388929202
2022-09-30T17:00:00+00:00,29.524999933422738,7.795754869029207,4.668726478545171
2022-09-29T20:40:00+00:00,39.34798673335338,6.578187844897276,29.660436198215358
2022-09-29T16:05:00+00:00,41.2342190790018,6.811628086622371,18.641329008083407
2022-09-29T10:55:00+00:00,32.362289107608476,6.839730792575413,5.819090945953472
2022-09-30T05:20:00+00:00,31.089455799180634,6.868367472473456,5.580510322739478
2022-09-30T00:15:00+00:00,32.20094754910582,6.585307975515935,7.1854501281163135
2022-09-30T07:45:00+00:00,32.44203389054638,7.687457576040495,10.676881285845223
2022-09-30T01:40:00+00:00,42.599998474121094,6.775824274335589,0.7583150115860251
2022-09-30T20:00:00+00:00,42.203871560865835,6.9341936111450195,9.838612916392664
2022-09-30T00:35:00+00:00,29.941984511513745,6.645419708645071,0.9116793759451568
2022-09-29T12:10:00+00:00,38.555481565355066,7.079734143228626,10.312059923956957
2022-09-29T18:25:00+00:00,42.071707599919016,6.444390296936035,13.155414590602968
2022-09-29T19:15:00+00:00,35.304422196887785,6.516326515042052,11.192006766390639
2022-09-29T22:30:00+00:00,32.51029399797028,6.522548998103423,23.351911862691242
2022-09-29T10:25:00+00:00,32.215282642960155,6.812624763412729,0.21099667171901246
2022-09-30T09:55:00+00:00,32.3658866244415,8.320066965543306,15.808795863569381
2022-09-29T12:25:00+00:00,34.11946303092393,7.170134065935276,0.6115771795579251
2022-09-29T10:45:00+00:00,30.605628960969433,6.830463737841473,4.612218629840194
2022-09-29T14:15:00+00:00,42.0,7.234666608174642,0.5652666591107846
2022-09-30T04:05:00+00:00,40.88959860321659,6.791946468737302,0.22677852443400645
2022-09-30T06:50:00+00:00,34.023383316115954,7.283582217657744,0.21393034381059864
2022-09-30T19:45:00+00:00,36.79829943909937,6.937415025672134,29.96544242067402
2022-09-29T16:10:00+00:00,41.93699970245361,6.71499995470047,10.584450061321258
2022-09-30T20:05:00+00:00,42.0753423743052,6.919863090123216,18.233219295331878
2022-09-30T08:15:00+00:00,40.072488909725536,7.991703064681141,6.251135359684973
2022-09-29T19:45:00+00:00,31.53284679190086,6.505839410489493,0.2199999988079071
2022-09-30T10:35:00+00:00,35.271864331778836,8.330169509629071,5.878406770350569
2022-09-30T07:30:00+00:00,29.795199913024902,7.517599983215332,4.733000030994416
2022-09-30T15:45:00+00:00,39.29999923706055,8.276506125208844,14.120120426886771
2022-09-30T18:40:00+00:00,32.8214040647781,7.318394822021791,11.32073589132781
2022-09-29T20:30:00+00:00,37.186956667182436,6.581939721187221,11.081973244912648
2022-09-30T20:15:00+00:00,41.900001525878906,6.920270346306466,0.21898648475070256
2022-09-30T11:25:00+00:00,35.744481880927964,8.699999809265137,0.21471571503674305
2022-09-29T14:20:00+00:00,41.53896108850256,7.2294371509964845,18.42134209628745
2022-09-30T06:30:00+00:00,38.83621261444599,7.169767279957616,2.776877125533316
2022-09-30T16:20:00+00:00,32.492952986851634,8.228187836256604,0.21332214287663467
2022-09-30T08:40:00+00:00,40.03129448650552,8.13417284780269,0.22089927986585836
2022-09-29T22:25:00+00:00,31.969810800732308,6.5,5.723349011169289
2022-09-30T11:30:00+00:00,33.91661135144408,8.711627760598827,11.595946693044167
2022-09-30T17:20:00+00:00,32.8609276323129,7.618874058818186,9.393576175171807
2022-09-30T15:50:00+00:00,39.284169362778826,8.258301189967565,0.2206949798757045
2022-09-29T16:55:00+00:00,35.092656742442735,6.631118756074172,4.815524460604558
2022-09-29T21:20:00+00:00,39.16510075050712,651.7449647788234,5.62812072828712
2022-09-30T05:00:00+00:00,30.81677837499836,6.858724966945264,0.36211409359770336
2022-09-29T19:30:00+00:00,33.481543265733144,6.535906006025788,12.579060356088933
2022-09-30T14:40:00+00:00,28.554180808689285,8.60602041391226,11.558762511680756
2022-09-29T14:30:00+00:00,35.52199988047282,7.125333213806153,0.2168666637937228
2022-09-30T20:55:00+00:00,34.111486499373974,6.779729843139648,8.497229710120607
2022-09-30T01:15:00+00:00,42.50112984005341,6.74802259132687,13.766949066334526
2022-09-29T10:05:00+00:00,34.45151578858244,6.800000190734863,0.21925925766980206
2022-09-29T15:45:00+00:00,33.00175452650639,7.007894729313097,10.566315818251224
2022-09-30T14:45:00+00:00,29.29936707170704,8.634810308866863,5.5013290326806565
2022-09-29T17:20:00+00:00,31.866037485734473,6.640094206018268,17.205471668603284
2022-09-30T13:00:00+00:00,39.259866631549336,8.423745528511379,24.825016704291404
2022-09-30T04:30:00+00:00,34.56688690185547,6.721523070177495,0.21509933392733138
2022-09-30T07:15:00+00:00,30.94161053471917,7.412080620759285,0.21697986295959293
2022-09-30T10:55:00+00:00,36.67561020889902,8.399999618530273,5.980569025365318
2022-09-29T13:20:00+00:00,31.88518548573709,7.22390562436396,13.579023473591917
2022-09-29T14:00:00+00:00,42.048474237474345,7.280000114440918,23.473661086518884
2022-09-29T18:30:00+00:00,42.680902388360764,6.469444473584493,9.399617958399984
2022-09-29T17:25:00+00:00,31.397607748588307,6.633014227214613,9.563205779596949
2022-09-30T19:40:00+00:00,35.54766637166341,6.963333368301392,11.031899798711141
2022-09-30T08:05:00+00:00,38.58389248943969,7.893959832671505,25.968858805278803
2022-09-30T04:45:00+00:00,33.18590516212002,6.800000190734863,7.039664396153601
2022-09-29T11:30:00+00:00,38.57979455712724,6.941095946586295,12.955102861744084
2022-09-30T12:15:00+00:00,29.281817978881424,8.441077216305716,10.513737306450352
2022-09-29T10:50:00+00:00,31.496610221216233,6.824067964392193,5.792339012986522
2022-09-30T02:45:00+00:00,30.50604020189119,6.621140824068313,0.3751006664445736
2022-09-30T14:05:00+00:00,31.340758454743156,8.573459995866386,0.21241705635147637
2022-09-29T14:55:00+00:00,32.7755033505843,7.057382495611306,0.21489932493075428
2022-09-30T11:55:00+00:00,30.913244935850432,8.706622351084324,21.4843706484662
2022-09-29T17:10:00+00:00,32.87666575113932,6.622857025691441,0.21171428007738932
2022-09-30T05:45:00+00:00,38.17650981877474,6.948322196934847,11.4313422049452
2022-09-29T16:30:00+00:00,41.70000076293945,6.599999904632568,0.41226414752737534
2022-09-29T12:50:00+00:00,3122.8052787654865,7.203630186150177,7.370396037158793
2022-09-29T12:55:00+00:00,30.73071691363338,7.206143177410034,0.21798634585056695
2022-09-29T12:45:00+00:00,31.77302646636963,7.199999809265137,0.21868420862837842
2022-09-29T15:35:00+00:00,29.919847590322714,6.941221430101468,14.733511335067167
2022-09-30T13:40:00+00:00,33.811784172700314,8.469696854100082,0.21595959260006142
2022-09-30T02:55:00+00:00,30.19397155951101,6.639361569221983,3.975992927314542
2022-09-29T16:20:00+00:00,41.707560785037955,6.601374473768411,2.0682130732999227
2022-09-29T10:15:00+00:00,33.28249143350004,6.81952879163954,14.009730561413749
2022-09-29T15:05:00+00:00,32.64299078968084,7.057009291426044,6.340280338425503
2022-09-29T16:40:00+00:00,39.49090926815765,6.635016706254747,21.006801200635504
2022-09-30T03:50:00+00:00,40.871865288685946,6.780339098784883,5.830677977507397
2022-09-29T09:50:00+00:00,40.21262660171046,6.828282992045085,1.1255555842259917
2022-09-30T03:40:00+00:00,40.79834460580586,6.811258458143828,18.47864237842181
2022-09-29T11:15:00+00:00,34.45633338928223,6.920000076293945,10.768499908447266
2022-09-30T08:20:00+00:00,40.0,8.006020118560281,6.266287696800104
2022-09-30T20:45:00+00:00,35.20680321154951,6.818707655887215,0.4881972778005665
2022-09-30T08:45:00+00:00,38.01990552423125,8.065403093093945,0.7897630215256135
2022-09-30T19:35:00+00:00,33.73926169120225,7.049999952316284,10.443926283177113
2022-09-29T12:35:00+00:00,32.75033530932945,7.220134114259041,7.100302009524515
2022-09-29T20:05:00+00:00,31.56956520208148,6.531438097108567,5.609565242078392
2022-09-30T06:55:00+00:00,33.16197702095989,7.300000190734863,0.21068440445702338
